pwm,repeat,side,opto_channel,hall,opto,expected_opto,signed_error_pct,ratio_opto_per_hall
10,1,L,OR,13,78,17.333333333333332,350.00000000000006,6.0
10,1,R,OL,14,83,18.666666666666664,344.6428571428572,5.928571428571429
10,2,L,OR,14,67,18.666666666666664,258.9285714285715,4.785714285714286
10,2,R,OL,14,86,18.666666666666664,360.7142857142858,6.142857142857143
10,3,L,OR,14,66,18.666666666666664,253.57142857142864,4.714285714285714
10,3,R,OL,14,76,18.666666666666664,307.1428571428572,5.428571428571429
20,1,L,OR,33,79,44.0,79.54545454545455,2.393939393939394
20,1,R,OL,33,102,44.0,131.8181818181818,3.090909090909091
20,2,L,OR,33,84,44.0,90.9090909090909,2.5454545454545454
20,2,R,OL,33,107,44.0,143.1818181818182,3.242424242424242
20,3,L,OR,33,85,44.0,93.18181818181819,2.5757575757575757
20,3,R,OL,34,101,45.33333333333333,122.79411764705884,2.9705882352941178
30,1,L,OR,54,102,72.0,41.666666666666664,1.8888888888888888
30,1,R,OL,54,117,72.0,62.5,2.1666666666666665
30,2,L,OR,54,109,72.0,51.388888888888886,2.0185185185185186
30,2,R,OL,54,121,72.0,68.05555555555556,2.240740740740741
30,3,L,OR,54,107,72.0,48.611111111111114,1.9814814814814814
30,3,R,OL,54,120,72.0,66.66666666666667,2.2222222222222223
