pwm,repeat,side,hall,opto,expected_opto,signed_error_pct,ratio_opto_per_hall
10,1,L,14,13,18.666666666666664,-30.357142857142847,0.9285714285714286
10,1,R,14,19,18.666666666666664,1.7857142857142987,1.3571428571428572
10,2,L,14,14,18.666666666666664,-24.99999999999999,1.0
10,2,R,14,18,18.666666666666664,-3.571428571428559,1.2857142857142858
10,3,L,13,13,17.333333333333332,-24.999999999999993,1.0
10,3,R,15,19,20.0,-5.0,1.2666666666666666
15,1,L,24,25,32.0,-21.875,1.0416666666666667
15,1,R,25,33,33.33333333333333,-0.9999999999999859,1.32
15,2,L,24,25,32.0,-21.875,1.0416666666666667
15,2,R,25,34,33.33333333333333,2.0000000000000147,1.36
15,3,L,25,25,33.33333333333333,-24.99999999999999,1.0
15,3,R,24,32,32.0,0.0,1.3333333333333333
20,1,L,33,36,44.0,-18.181818181818183,1.0909090909090908
20,1,R,33,45,44.0,2.272727272727273,1.3636363636363635
20,2,L,33,37,44.0,-15.909090909090908,1.121212121212121
20,2,R,34,47,45.33333333333333,3.676470588235305,1.3823529411764706
20,3,L,33,33,44.0,-25.0,1.0
20,3,R,34,45,45.33333333333333,-0.7352941176470484,1.3235294117647058
25,1,L,43,51,57.33333333333333,-11.046511627906968,1.186046511627907
25,1,R,45,61,60.0,1.6666666666666667,1.3555555555555556
25,2,L,44,51,58.666666666666664,-13.068181818181815,1.1590909090909092
25,2,R,45,62,60.0,3.3333333333333335,1.3777777777777778
25,3,L,44,48,58.666666666666664,-18.18181818181818,1.0909090909090908
25,3,R,44,60,58.666666666666664,2.272727272727277,1.3636363636363635
30,1,L,54,60,72.0,-16.666666666666668,1.1111111111111112
30,1,R,54,73,72.0,1.3888888888888888,1.3518518518518519
30,2,L,54,61,72.0,-15.277777777777779,1.1296296296296295
30,2,R,54,75,72.0,4.166666666666667,1.3888888888888888
30,3,L,54,62,72.0,-13.88888888888889,1.1481481481481481
30,3,R,55,75,73.33333333333333,2.272727272727279,1.3636363636363635
35,1,L,63,70,84.0,-16.666666666666668,1.1111111111111112
35,1,R,63,83,84.0,-1.1904761904761905,1.3174603174603174
35,2,L,63,71,84.0,-15.476190476190476,1.126984126984127
35,2,R,63,86,84.0,2.380952380952381,1.3650793650793651
35,3,L,62,71,82.66666666666666,-14.11290322580644,1.1451612903225807
35,3,R,63,86,84.0,2.380952380952381,1.3650793650793651
40,1,L,73,81,97.33333333333333,-16.780821917808215,1.1095890410958904
40,1,R,73,100,97.33333333333333,2.7397260273972655,1.36986301369863
40,2,L,73,84,97.33333333333333,-13.698630136986296,1.1506849315068493
40,2,R,73,100,97.33333333333333,2.7397260273972655,1.36986301369863
40,3,L,73,84,97.33333333333333,-13.698630136986296,1.1506849315068493
40,3,R,73,100,97.33333333333333,2.7397260273972655,1.36986301369863
50,1,L,91,102,121.33333333333333,-15.93406593406593,1.120879120879121
50,1,R,92,123,122.66666666666666,0.27173913043479037,1.3369565217391304
50,2,L,91,106,121.33333333333333,-12.637362637362633,1.164835164835165
50,2,R,92,127,122.66666666666666,3.532608695652182,1.3804347826086956
50,3,L,92,103,122.66666666666666,-16.032608695652165,1.1195652173913044
50,3,R,92,128,122.66666666666666,4.3478260869565295,1.391304347826087
60,1,L,109,123,145.33333333333331,-15.366972477064207,1.128440366972477
60,1,R,110,151,146.66666666666666,2.9545454545454612,1.3727272727272728
60,2,L,109,126,145.33333333333331,-13.30275229357797,1.1559633027522935
60,2,R,111,141,148.0,-4.72972972972973,1.2702702702702702
60,3,L,109,121,145.33333333333331,-16.743119266055032,1.110091743119266
60,3,R,110,150,146.66666666666666,2.272727272727279,1.3636363636363635
70,1,L,126,144,168.0,-14.285714285714286,1.1428571428571428
70,1,R,127,167,169.33333333333331,-1.3779527559055007,1.31496062992126
70,2,L,126,145,168.0,-13.69047619047619,1.1507936507936507
70,2,R,127,170,169.33333333333331,0.39370078740158604,1.3385826771653544
70,3,L,126,141,168.0,-16.071428571428573,1.119047619047619
70,3,R,126,165,168.0,-1.7857142857142858,1.3095238095238095
80,1,L,143,159,190.66666666666666,-16.608391608391603,1.1118881118881119
80,1,R,144,180,192.0,-6.25,1.25
80,2,L,143,158,190.66666666666666,-17.13286713286713,1.1048951048951048
80,2,R,144,186,192.0,-3.125,1.2916666666666667
80,3,L,143,158,190.66666666666666,-17.13286713286713,1.1048951048951048
80,3,R,144,181,192.0,-5.729166666666667,1.2569444444444444
90,1,L,89,170,118.66666666666666,43.25842696629214,1.9101123595505618
90,1,R,91,126,121.33333333333333,3.8461538461538503,1.3846153846153846
90,2,L,89,166,118.66666666666666,39.88764044943821,1.8651685393258426
90,2,R,90,128,120.0,6.666666666666667,1.4222222222222223
90,3,L,90,168,120.0,40.0,1.8666666666666667
90,3,R,90,125,120.0,4.166666666666667,1.3888888888888888
